file_name,uid,rec_id,startTime,endTime,ann_nz_cnt,intervals_cnt,cnt_match,cnt_diff
1001_6.npy,60a917b354352a3df86dc1f2,638d8f609e4d4309eebbb0f1,601.0,602.5,1,1,True,0
1001_8.npy,60a917b354352a3df86dc1f2,638d8f5d9e4d43301ebbb0df,532.0,535.0,1,1,True,0
1004_0.npy,613b1c013d08d44862cdc8f2,613f59083d08d46e7acdce29,0.0,2.0,6,6,True,0
1004_0.npy,613b1c013d08d44862cdc8f2,613f59083d08d46e7acdce29,12.0,19.0,6,6,True,0
1004_0.npy,613b1c013d08d44862cdc8f2,613f59083d08d46e7acdce29,120.0,124.0,6,6,True,0
1004_0.npy,613b1c013d08d44862cdc8f2,613f59083d08d46e7acdce29,490.0,508.0,6,6,True,0
1004_0.npy,613b1c013d08d44862cdc8f2,613f59083d08d46e7acdce29,550.0,554.0,6,6,True,0
1004_0.npy,613b1c013d08d44862cdc8f2,613f59083d08d46e7acdce29,590.0,598.0,6,6,True,0
1005_0.npy,613b1c6f3d08d4370acdc8f3,613f56f73d08d4485dcdcb87,0.0,0.5,1,1,True,0
1005_4.npy,613b1c6f3d08d4370acdc8f3,613f56f73d08d4bc97cdcb8a,0.0,2.0,1,1,True,0
1006_1.npy,613b1c9c3d08d43181cdc8f4,613f59533d08d413facdcebb,0.0,2.0,1,1,True,0
1007_1.npy,613b1cc33d08d4c0d5cdc8f5,613b221f3d08d453a1cdc914,0.0,1.5,2,2,True,0
1007_1.npy,613b1cc33d08d4c0d5cdc8f5,613b221f3d08d453a1cdc914,155.0,159.5,2,2,True,0
1008_0.npy,613b1d0c3d08d413ffcdc8f6,613f58593d08d4cec1cdccf1,0.0,0.5,1,1,True,0
1008_12.npy,613b1d0c3d08d413ffcdc8f6,613f58593d08d461c8cdcce8,149.5,151.0,5,5,True,0
1008_12.npy,613b1d0c3d08d413ffcdc8f6,613f58593d08d461c8cdcce8,471.0,484.5,5,5,True,0
1008_12.npy,613b1d0c3d08d413ffcdc8f6,613f58593d08d461c8cdcce8,494.0,501.0,5,5,True,0
1008_12.npy,613b1d0c3d08d413ffcdc8f6,613f58593d08d461c8cdcce8,505.0,517.0,5,5,True,0
1008_12.npy,613b1d0c3d08d413ffcdc8f6,613f58593d08d461c8cdcce8,545.0,550.0,5,5,True,0
1009_12.npy,613b1d673d08d4d1f3cdc8f8,613b22d43d08d443f5cdc98e,0.0,1.0,2,2,True,0
1009_12.npy,613b1d673d08d4d1f3cdc8f8,613b22d43d08d443f5cdc98e,267.0,310.0,2,2,True,0
1009_13.npy,613b1d673d08d4d1f3cdc8f8,613b22d43d08d43f31cdc98d,0.0,1.0,1,1,True,0
1010_0.npy,613b1d903d08d4df57cdc8f9,613f58b73d08d439a0cdcda2,0.0,1.0,3,3,True,0
1010_0.npy,613b1d903d08d4df57cdc8f9,613f58b73d08d439a0cdcda2,64.0,68.0,3,3,True,0
1010_0.npy,613b1d903d08d4df57cdc8f9,613f58b73d08d439a0cdcda2,70.5,73.5,3,3,True,0
1011_0.npy,613b1db23d08d4ea68cdc8fa,613f59b33d08d46608cdcf38,173.0,179.0,1,1,True,0
1011_1.npy,613b1db23d08d4ea68cdc8fa,613f59b33d08d40c95cdcf25,0.0,1.0,6,6,True,0
1011_1.npy,613b1db23d08d4ea68cdc8fa,613f59b33d08d40c95cdcf25,380.0,394.0,6,6,True,0
1011_1.npy,613b1db23d08d4ea68cdc8fa,613f59b33d08d40c95cdcf25,406.0,407.0,6,6,True,0
1011_1.npy,613b1db23d08d4ea68cdc8fa,613f59b33d08d40c95cdcf25,448.0,465.0,6,6,True,0
1011_1.npy,613b1db23d08d4ea68cdc8fa,613f59b33d08d40c95cdcf25,529.0,534.0,6,6,True,0
1011_1.npy,613b1db23d08d4ea68cdc8fa,613f59b33d08d40c95cdcf25,626.0,634.0,6,6,True,0
1013_13.npy,6144c4fbbd0cc552e427535f,6144cd8bbd0cc524f92753b3,0.0,1.0,3,3,True,0
1013_13.npy,6144c4fbbd0cc552e427535f,6144cd8bbd0cc524f92753b3,460.5,465.0,3,3,True,0
1013_13.npy,6144c4fbbd0cc552e427535f,6144cd8bbd0cc524f92753b3,618.0,627.0,3,3,True,0
1013_14.npy,6144c4fbbd0cc552e427535f,6144cd8bbd0cc5b5c3275399,629.0,639.0,1,1,True,0
1015_0.npy,6144c588bd0cc52ba0275362,6145b1a6bd0cc52da6275905,0.0,1.0,4,4,True,0
1015_0.npy,6144c588bd0cc52ba0275362,6145b1a6bd0cc52da6275905,335.0,338.0,4,4,True,0
1015_0.npy,6144c588bd0cc52ba0275362,6145b1a6bd0cc52da6275905,424.0,426.0,4,4,True,0
1015_0.npy,6144c588bd0cc52ba0275362,6145b1a6bd0cc52da6275905,481.5,486.0,4,4,True,0
1015_17.npy,6144c588bd0cc52ba0275362,6145b1a6bd0cc582a4275926,0.0,1.0,1,1,True,0
1017_0.npy,6144c5e5bd0cc503ed275364,6145a8e4bd0cc5fb9827553c,0.0,1.0,1,1,True,0
1018_6.npy,6144c658bd0cc5a1c0275367,6145aef2bd0cc5522427584e,0.0,5.5,2,2,True,0
1018_6.npy,6144c658bd0cc5a1c0275367,6145aef2bd0cc5522427584e,121.0,129.0,2,2,True,0
1018_7.npy,6144c658bd0cc5a1c0275367,6145aef2bd0cc5235e27584c,0.0,1.0,1,1,True,0
1019_0.npy,6144c682bd0cc5acb7275368,6145fd97bd0cc5ed18275bc8,0.0,0.5,5,5,True,0
1019_0.npy,6144c682bd0cc5acb7275368,6145fd97bd0cc5ed18275bc8,407.0,408.0,5,5,True,0
1019_0.npy,6144c682bd0cc5acb7275368,6145fd97bd0cc5ed18275bc8,526.0,529.0,5,5,True,0
1019_0.npy,6144c682bd0cc5acb7275368,6145fd97bd0cc5ed18275bc8,595.0,598.0,5,5,True,0
1019_0.npy,6144c682bd0cc5acb7275368,6145fd97bd0cc5ed18275bc8,608.0,610.5,5,5,True,0
1019_1.npy,6144c682bd0cc5acb7275368,6145fd97bd0cc560c4275ba3,0.0,1.0,3,3,True,0
1019_1.npy,6144c682bd0cc5acb7275368,6145fd97bd0cc560c4275ba3,19.0,20.0,3,3,True,0
1019_1.npy,6144c682bd0cc5acb7275368,6145fd97bd0cc560c4275ba3,432.0,433.5,3,3,True,0
1023_0.npy,614dbf7e4bac1c78af017aed,614dc6914bac1c1cd8017db9,0.0,2.0,1,1,True,0
1024_0.npy,614dbfa84bac1c1231017aee,614dc6c74bac1c84d1017e13,577.0,583.0,1,1,True,0
1025_0.npy,614dbfd24bac1cce7b017aef,614dc6ff4bac1c3a8d017f07,0.0,1.0,7,7,True,0
1025_0.npy,614dbfd24bac1cce7b017aef,614dc6ff4bac1c3a8d017f07,225.0,230.0,7,7,True,0
1025_0.npy,614dbfd24bac1cce7b017aef,614dc6ff4bac1c3a8d017f07,275.5,278.0,7,7,True,0
1025_0.npy,614dbfd24bac1cce7b017aef,614dc6ff4bac1c3a8d017f07,335.0,339.0,7,7,True,0
1025_0.npy,614dbfd24bac1cce7b017aef,614dc6ff4bac1c3a8d017f07,424.0,430.0,7,7,True,0
1025_0.npy,614dbfd24bac1cce7b017aef,614dc6ff4bac1c3a8d017f07,461.5,463.5,7,7,True,0
1025_0.npy,614dbfd24bac1cce7b017aef,614dc6ff4bac1c3a8d017f07,633.0,635.5,7,7,True,0
1026_0.npy,615708ba2312e518c0168e69,61570a262312e57080168e75,0.0,1.0,5,5,True,0
1026_0.npy,615708ba2312e518c0168e69,61570a262312e57080168e75,422.0,426.0,5,5,True,0
1026_0.npy,615708ba2312e518c0168e69,61570a262312e57080168e75,447.0,449.0,5,5,True,0
1026_0.npy,615708ba2312e518c0168e69,61570a262312e57080168e75,507.0,510.0,5,5,True,0
1026_0.npy,615708ba2312e518c0168e69,61570a262312e57080168e75,624.5,626.0,5,5,True,0
1026_4.npy,615708ba2312e518c0168e69,61570a262312e52b82168e70,0.0,1.0,11,11,True,0
1026_4.npy,615708ba2312e518c0168e69,61570a262312e52b82168e70,51.0,59.0,11,11,True,0
1026_4.npy,615708ba2312e518c0168e69,61570a262312e52b82168e70,79.0,84.5,11,11,True,0
1026_4.npy,615708ba2312e518c0168e69,61570a262312e52b82168e70,140.0,144.0,11,11,True,0
1026_4.npy,615708ba2312e518c0168e69,61570a262312e52b82168e70,154.0,157.0,11,11,True,0
1026_4.npy,615708ba2312e518c0168e69,61570a262312e52b82168e70,170.0,209.0,11,11,True,0
1026_4.npy,615708ba2312e518c0168e69,61570a262312e52b82168e70,237.0,239.0,11,11,True,0
1026_4.npy,615708ba2312e518c0168e69,61570a262312e52b82168e70,245.0,250.0,11,11,True,0
1026_4.npy,615708ba2312e518c0168e69,61570a262312e52b82168e70,288.0,300.0,11,11,True,0
1026_4.npy,615708ba2312e518c0168e69,61570a262312e52b82168e70,340.0,350.0,11,11,True,0
1026_4.npy,615708ba2312e518c0168e69,61570a262312e52b82168e70,600.0,607.0,11,11,True,0
1027_0.npy,615708ea2312e56066168e6a,61570a9f2312e5391b168f61,0.0,1.0,8,8,True,0
1027_0.npy,615708ea2312e56066168e6a,61570a9f2312e5391b168f61,133.5,139.5,8,8,True,0
1027_0.npy,615708ea2312e56066168e6a,61570a9f2312e5391b168f61,184.5,186.5,8,8,True,0
1027_0.npy,615708ea2312e56066168e6a,61570a9f2312e5391b168f61,285.0,288.5,8,8,True,0
1027_0.npy,615708ea2312e56066168e6a,61570a9f2312e5391b168f61,291.0,293.0,8,8,True,0
1027_0.npy,615708ea2312e56066168e6a,61570a9f2312e5391b168f61,330.0,332.0,8,8,True,0
1027_0.npy,615708ea2312e56066168e6a,61570a9f2312e5391b168f61,564.5,570.0,8,8,True,0
1027_0.npy,615708ea2312e56066168e6a,61570a9f2312e5391b168f61,623.0,627.0,8,8,True,0
1028_1.npy,6157091f2312e5b88c168e6b,61570af62312e5021c168fd1,0.0,2.0,2,2,True,0
1028_1.npy,6157091f2312e5b88c168e6b,61570af62312e5021c168fd1,524.5,526.5,2,2,True,0
1029_0.npy,615709472312e5fe91168e6c,61570b7b2312e5693f169094,205.0,214.0,3,3,True,0
1029_0.npy,615709472312e5fe91168e6c,61570b7b2312e5693f169094,326.0,328.5,3,3,True,0
1029_0.npy,615709472312e5fe91168e6c,61570b7b2312e5693f169094,455.0,466.0,3,3,True,0
1097_0.npy,622dfe483c70e6abd58a21ab,622e39423c70e641048a2985,0.0,1.5,2,2,True,0
1097_0.npy,622dfe483c70e6abd58a21ab,622e39423c70e641048a2985,408.0,420.0,2,2,True,0
1097_1.npy,622dfe483c70e6abd58a21ab,622e39423c70e65ff88a29fd,0.0,1.0,1,1,True,0
1102_0.npy,655341fe7f978676df92e657,67f2cf89a588a8cdf08b3cfd,101.0,106.0,1,1,True,0
