file_name,uid,rec_id,ann_nz_cnt,intervals_cnt,cnt_match,cnt_diff,intervals
1001_6.npy,60a917b354352a3df86dc1f2,638d8f609e4d4309eebbb0f1,1,1,True,0,"[{""startTime"": 601.0, ""endTime"": 602.5}]"
1001_8.npy,60a917b354352a3df86dc1f2,638d8f5d9e4d43301ebbb0df,1,1,True,0,"[{""startTime"": 532.0, ""endTime"": 535.0}]"
1004_0.npy,613b1c013d08d44862cdc8f2,613f59083d08d46e7acdce29,6,6,True,0,"[{""startTime"": 0.0, ""endTime"": 2.0}, {""startTime"": 12.0, ""endTime"": 19.0}, {""startTime"": 120.0, ""endTime"": 124.0}, {""startTime"": 490.0, ""endTime"": 508.0}, {""startTime"": 550.0, ""endTime"": 554.0}, {""startTime"": 590.0, ""endTime"": 598.0}]"
1005_0.npy,613b1c6f3d08d4370acdc8f3,613f56f73d08d4485dcdcb87,1,1,True,0,"[{""startTime"": 0.0, ""endTime"": 0.5}]"
1005_4.npy,613b1c6f3d08d4370acdc8f3,613f56f73d08d4bc97cdcb8a,1,1,True,0,"[{""startTime"": 0.0, ""endTime"": 2.0}]"
1006_1.npy,613b1c9c3d08d43181cdc8f4,613f59533d08d413facdcebb,1,1,True,0,"[{""startTime"": 0.0, ""endTime"": 2.0}]"
1007_1.npy,613b1cc33d08d4c0d5cdc8f5,613b221f3d08d453a1cdc914,2,2,True,0,"[{""startTime"": 0.0, ""endTime"": 1.5}, {""startTime"": 155.0, ""endTime"": 159.5}]"
1008_0.npy,613b1d0c3d08d413ffcdc8f6,613f58593d08d4cec1cdccf1,1,1,True,0,"[{""startTime"": 0.0, ""endTime"": 0.5}]"
1008_12.npy,613b1d0c3d08d413ffcdc8f6,613f58593d08d461c8cdcce8,5,5,True,0,"[{""startTime"": 149.5, ""endTime"": 151.0}, {""startTime"": 471.0, ""endTime"": 484.5}, {""startTime"": 494.0, ""endTime"": 501.0}, {""startTime"": 505.0, ""endTime"": 517.0}, {""startTime"": 545.0, ""endTime"": 550.0}]"
1009_12.npy,613b1d673d08d4d1f3cdc8f8,613b22d43d08d443f5cdc98e,2,2,True,0,"[{""startTime"": 0.0, ""endTime"": 1.0}, {""startTime"": 267.0, ""endTime"": 310.0}]"
1009_13.npy,613b1d673d08d4d1f3cdc8f8,613b22d43d08d43f31cdc98d,1,1,True,0,"[{""startTime"": 0.0, ""endTime"": 1.0}]"
1010_0.npy,613b1d903d08d4df57cdc8f9,613f58b73d08d439a0cdcda2,3,3,True,0,"[{""startTime"": 0.0, ""endTime"": 1.0}, {""startTime"": 64.0, ""endTime"": 68.0}, {""startTime"": 70.5, ""endTime"": 73.5}]"
1011_0.npy,613b1db23d08d4ea68cdc8fa,613f59b33d08d46608cdcf38,1,1,True,0,"[{""startTime"": 173.0, ""endTime"": 179.0}]"
1011_1.npy,613b1db23d08d4ea68cdc8fa,613f59b33d08d40c95cdcf25,6,6,True,0,"[{""startTime"": 0.0, ""endTime"": 1.0}, {""startTime"": 380.0, ""endTime"": 394.0}, {""startTime"": 406.0, ""endTime"": 407.0}, {""startTime"": 448.0, ""endTime"": 465.0}, {""startTime"": 529.0, ""endTime"": 534.0}, {""startTime"": 626.0, ""endTime"": 634.0}]"
1013_13.npy,6144c4fbbd0cc552e427535f,6144cd8bbd0cc524f92753b3,3,3,True,0,"[{""startTime"": 0.0, ""endTime"": 1.0}, {""startTime"": 460.5, ""endTime"": 465.0}, {""startTime"": 618.0, ""endTime"": 627.0}]"
1013_14.npy,6144c4fbbd0cc552e427535f,6144cd8bbd0cc5b5c3275399,1,1,True,0,"[{""startTime"": 629.0, ""endTime"": 639.0}]"
1015_0.npy,6144c588bd0cc52ba0275362,6145b1a6bd0cc52da6275905,4,4,True,0,"[{""startTime"": 0.0, ""endTime"": 1.0}, {""startTime"": 335.0, ""endTime"": 338.0}, {""startTime"": 424.0, ""endTime"": 426.0}, {""startTime"": 481.5, ""endTime"": 486.0}]"
1015_17.npy,6144c588bd0cc52ba0275362,6145b1a6bd0cc582a4275926,1,1,True,0,"[{""startTime"": 0.0, ""endTime"": 1.0}]"
1017_0.npy,6144c5e5bd0cc503ed275364,6145a8e4bd0cc5fb9827553c,1,1,True,0,"[{""startTime"": 0.0, ""endTime"": 1.0}]"
1018_6.npy,6144c658bd0cc5a1c0275367,6145aef2bd0cc5522427584e,2,2,True,0,"[{""startTime"": 0.0, ""endTime"": 5.5}, {""startTime"": 121.0, ""endTime"": 129.0}]"
1018_7.npy,6144c658bd0cc5a1c0275367,6145aef2bd0cc5235e27584c,1,1,True,0,"[{""startTime"": 0.0, ""endTime"": 1.0}]"
1019_0.npy,6144c682bd0cc5acb7275368,6145fd97bd0cc5ed18275bc8,5,5,True,0,"[{""startTime"": 0.0, ""endTime"": 0.5}, {""startTime"": 407.0, ""endTime"": 408.0}, {""startTime"": 526.0, ""endTime"": 529.0}, {""startTime"": 595.0, ""endTime"": 598.0}, {""startTime"": 608.0, ""endTime"": 610.5}]"
1019_1.npy,6144c682bd0cc5acb7275368,6145fd97bd0cc560c4275ba3,3,3,True,0,"[{""startTime"": 0.0, ""endTime"": 1.0}, {""startTime"": 19.0, ""endTime"": 20.0}, {""startTime"": 432.0, ""endTime"": 433.5}]"
1023_0.npy,614dbf7e4bac1c78af017aed,614dc6914bac1c1cd8017db9,1,1,True,0,"[{""startTime"": 0.0, ""endTime"": 2.0}]"
1024_0.npy,614dbfa84bac1c1231017aee,614dc6c74bac1c84d1017e13,1,1,True,0,"[{""startTime"": 577.0, ""endTime"": 583.0}]"
1025_0.npy,614dbfd24bac1cce7b017aef,614dc6ff4bac1c3a8d017f07,7,7,True,0,"[{""startTime"": 0.0, ""endTime"": 1.0}, {""startTime"": 225.0, ""endTime"": 230.0}, {""startTime"": 275.5, ""endTime"": 278.0}, {""startTime"": 335.0, ""endTime"": 339.0}, {""startTime"": 424.0, ""endTime"": 430.0}, {""startTime"": 461.5, ""endTime"": 463.5}, {""startTime"": 633.0, ""endTime"": 635.5}]"
1026_0.npy,615708ba2312e518c0168e69,61570a262312e57080168e75,5,5,True,0,"[{""startTime"": 0.0, ""endTime"": 1.0}, {""startTime"": 422.0, ""endTime"": 426.0}, {""startTime"": 447.0, ""endTime"": 449.0}, {""startTime"": 507.0, ""endTime"": 510.0}, {""startTime"": 624.5, ""endTime"": 626.0}]"
1026_4.npy,615708ba2312e518c0168e69,61570a262312e52b82168e70,11,11,True,0,"[{""startTime"": 0.0, ""endTime"": 1.0}, {""startTime"": 51.0, ""endTime"": 59.0}, {""startTime"": 79.0, ""endTime"": 84.5}, {""startTime"": 140.0, ""endTime"": 144.0}, {""startTime"": 154.0, ""endTime"": 157.0}, {""startTime"": 170.0, ""endTime"": 209.0}, {""startTime"": 237.0, ""endTime"": 239.0}, {""startTime"": 245.0, ""endTime"": 250.0}, {""startTime"": 288.0, ""endTime"": 300.0}, {""startTime"": 340.0, ""endTime"": 350.0}, {""startTime"": 600.0, ""endTime"": 607.0}]"
1027_0.npy,615708ea2312e56066168e6a,61570a9f2312e5391b168f61,8,8,True,0,"[{""startTime"": 0.0, ""endTime"": 1.0}, {""startTime"": 133.5, ""endTime"": 139.5}, {""startTime"": 184.5, ""endTime"": 186.5}, {""startTime"": 285.0, ""endTime"": 288.5}, {""startTime"": 291.0, ""endTime"": 293.0}, {""startTime"": 330.0, ""endTime"": 332.0}, {""startTime"": 564.5, ""endTime"": 570.0}, {""startTime"": 623.0, ""endTime"": 627.0}]"
1028_1.npy,6157091f2312e5b88c168e6b,61570af62312e5021c168fd1,2,2,True,0,"[{""startTime"": 0.0, ""endTime"": 2.0}, {""startTime"": 524.5, ""endTime"": 526.5}]"
1029_0.npy,615709472312e5fe91168e6c,61570b7b2312e5693f169094,3,3,True,0,"[{""startTime"": 205.0, ""endTime"": 214.0}, {""startTime"": 326.0, ""endTime"": 328.5}, {""startTime"": 455.0, ""endTime"": 466.0}]"
1097_0.npy,622dfe483c70e6abd58a21ab,622e39423c70e641048a2985,2,2,True,0,"[{""startTime"": 0.0, ""endTime"": 1.5}, {""startTime"": 408.0, ""endTime"": 420.0}]"
1097_1.npy,622dfe483c70e6abd58a21ab,622e39423c70e65ff88a29fd,1,1,True,0,"[{""startTime"": 0.0, ""endTime"": 1.0}]"
1102_0.npy,655341fe7f978676df92e657,67f2cf89a588a8cdf08b3cfd,1,1,True,0,"[{""startTime"": 101.0, ""endTime"": 106.0}]"
